,SUBJECT,TOPIC,SUB TOPIC 1,SUB TOPIC 2,URL
0,Algorithms,Algorithms,Searching_1,Arrays and lists,https://www.youtube.com/watch?v=hT1dIbFQoGE
1,Algorithms,Algorithms,Searching_2,Searching in an array,https://www.youtube.com/watch?v=3XCGzrCxVkw
2,Algorithms,Algorithms,Sorting_1,Selection Sort,https://www.youtube.com/watch?v=1nAgMQSc-4Q
3,Algorithms,Algorithms,Sorting_2,Insertion sort,https://www.youtube.com/watch?v=_EV6xAXf5FA
4,Algorithms,Algorithms,Sorting_3,Merge sort,https://www.youtube.com/watch?v=2UP-XMgOyNw
5,Algorithms,Algorithms,Sorting_4,Merge sort - analysis,https://www.youtube.com/watch?v=Pzs15qv-xTk
6,Algorithms,Algorithms,Sorting_5,Quicksort,https://www.youtube.com/watch?v=RajaRfMJF4I
7,Algorithms,Algorithms,Sorting_6,Quicksort - analysis,https://www.youtube.com/watch?v=N8lzcGiQo9A
8,Algorithms,Algorithms,Hashing,Lec 35: Hashing,https://www.youtube.com/watch?v=2LpVcSARjyE
9,Algorithms,Algorithms,Asymptotic Worst Case Time And Space Complexity_1,"Input size, worst case, average case",https://www.youtube.com/watch?v=Q0pWMzPAdYM
10,Algorithms,Algorithms,Asymptotic Worst Case Time And Space Complexity_2,"Quantifying efficiency: O( ), Omega( ), Theta( )",https://www.youtube.com/watch?v=msj_2TEzRP0
11,Algorithms,Algorithm design techniques,Greedy_1,Interval scheduling,https://www.youtube.com/watch?v=Oe9bxU8lbxE
12,Algorithms,Algorithm design techniques,Greedy_2,Scheduling with deadlines: minimizing lateness,https://www.youtube.com/watch?v=z2OXv1qaSFE
13,Algorithms,Algorithm design techniques,Greedy_3,Huffman codes,https://www.youtube.com/watch?v=yhPjST1w0mk
14,Algorithms,Algorithm design techniques,Dynamic Programming_1,Introduction to dynamic programming,https://www.youtube.com/watch?v=EF953Vafi5c
15,Algorithms,Algorithm design techniques,Dynamic Programming_2,Memoization,https://www.youtube.com/watch?v=IxD1vRA0B4s
16,Algorithms,Algorithm design techniques,Dynamic Programming_3,Grid paths,https://www.youtube.com/watch?v=yTKJcpitONQ
17,Algorithms,Algorithm design techniques,Dynamic Programming_4,Common subwords and subsequences,https://www.youtube.com/watch?v=xdA41xLxwuM
18,Algorithms,Algorithm design techniques,Dynamic Programming_5,Edit distance,https://www.youtube.com/watch?v=3KMX8tBToLA
19,Algorithms,Algorithm design techniques,Dynamic Programming_6,Matrix multiplication,https://www.youtube.com/watch?v=xWni5uErQhI
20,Algorithms,Algorithm design techniques,Divide-and-conquer_1,Counting inversions,https://www.youtube.com/watch?v=938kjf_stNY
21,Algorithms,Algorithm design techniques,Divide-and-conquer_2,Closest pair of points,https://www.youtube.com/watch?v=6UBDkbVhJck
22,Algorithms,Algorithm design techniques,Graph Traversals_1,Introduction to graphs,https://www.youtube.com/watch?v=mi2Fd0W8TaM
23,Algorithms,Algorithm design techniques,Graph Traversals_2,Representing graphs,https://www.youtube.com/watch?v=Y-6IGzmlG4Y
24,Algorithms,Algorithm design techniques,Graph Traversals_3,Breadth first search (BFS),https://www.youtube.com/watch?v=ahXszIXr1NE
25,Algorithms,Algorithm design techniques,Graph Traversals_4,Depth first search (DFS),https://www.youtube.com/watch?v=0n4UtSm5HtE
26,Algorithms,Algorithm design techniques,Graph Traversals_5,Applications of BFS and DFS,https://www.youtube.com/watch?v=Ia6AgDENsf0
27,Algorithms,Algorithm design techniques,Graph Traversals_6,Directed acylic graphs: topological sort,https://www.youtube.com/watch?v=_9a95v2shgQ
28,Algorithms,Algorithm design techniques,Graph Traversals_7,Directed acylic graphs: longest paths,https://www.youtube.com/watch?v=jpIeCsX4oNo
29,Algorithms,Algorithm design techniques,Minimum Spanning Trees_1,Minimum Cost Spanning Trees,https://www.youtube.com/watch?v=rSEc5sIlwSA
30,Algorithms,Algorithm design techniques,Minimum Spanning Trees_2,Prims Algorithm,https://www.youtube.com/watch?v=-M6IzZMpm1Y
31,Algorithms,Algorithm design techniques,Minimum Spanning Trees_3,Kruskals algorithm,https://www.youtube.com/watch?v=b2-vAkasvD0
32,Algorithms,Algorithm design techniques,Shortest Paths_1,Single source shortest paths: Dijkstras algorithm,https://www.youtube.com/watch?v=OGsPQy-lM1w
33,Algorithms,Algorithm design techniques,Shortest Paths_2,Dijkstras algorithm: analysis,https://www.youtube.com/watch?v=nieg8XQQ7i0
34,Algorithms,Algorithm design techniques,Shortest Paths_3,Negative edge weights: Bellman-Ford algorithm,https://www.youtube.com/watch?v=YbbGemzQ5ok
35,Algorithms,Algorithm design techniques,Shortest Paths_4,All pairs shortest paths,https://www.youtube.com/watch?v=_4CGMB5j_CQ
36,Compiler Design,Compiler Design,Lexical Analysis - Part 1,Lexical analysis,https://www.youtube.com/watch?v=xBQEqI91cJM
37,Compiler Design,Compiler Design,Lexical Analysis - Part 2,Lexical Analysis (Contd.),https://www.youtube.com/watch?v=5Vv3HHSeJUA
38,Compiler Design,Compiler Design,Lexical Analysis - Part 3,Lexical Analysis (Contd.),https://www.youtube.com/watch?v=EBTK19pGYiQ
39,Compiler Design,Compiler Design,Lexical Analysis - Part 4,Lexical Analysis (Contd.),https://www.youtube.com/watch?v=zpuouhg1NWM
40,Compiler Design,Compiler Design,Lexical Analysis - Part 5,Lexical Analysis (Contd.),https://www.youtube.com/watch?v=HVkeeVNs1Ws
41,Compiler Design,Compiler Design,Lexical Analysis - Part 6,Lexical Analysis (Contd.),https://www.youtube.com/watch?v=MjTdYxEF0Ug
42,Compiler Design,Compiler Design,Lexical Analysis - Part 7,Lexical Analysis (Contd.),https://www.youtube.com/watch?v=NoLQWQZGmWs
43,Compiler Design,Compiler Design,Lexical Analysis - Part 8,Lexical Analysis (Contd.),https://www.youtube.com/watch?v=IWBCw2CYswg
44,Compiler Design,Compiler Design,Lexical Analysis - Part 9,Lexical Analysis (Contd.),https://www.youtube.com/watch?v=A7BvcTuk1V0
45,Compiler Design,Compiler Design,Parser - Part 1,Parser,https://www.youtube.com/watch?v=IdCT0KgUZXU
46,Compiler Design,Compiler Design,Parser - Part 2,Parser (Contd.),https://www.youtube.com/watch?v=qB3rcEdutFs
47,Compiler Design,Compiler Design,Parser - Part 3,Parser (Contd.),https://www.youtube.com/watch?v=Hpn9rv60NlQ
48,Compiler Design,Compiler Design,Parser - Part 4,Parser (Contd.),https://www.youtube.com/watch?v=yE8JXOwWo5I
49,Compiler Design,Compiler Design,Parser - Part 5,Parser (Contd.),https://www.youtube.com/watch?v=P9uw8XyVtF8
50,Compiler Design,Compiler Design,Parser - Part 6,Parser (Contd.),https://www.youtube.com/watch?v=T8Kmq-4O4hA
51,Compiler Design,Compiler Design,Parser - Part 7,Parser (Contd.),https://www.youtube.com/watch?v=PEWYrFEZBTg
52,Compiler Design,Compiler Design,Parser - Part 8,Parser (Contd.),https://www.youtube.com/watch?v=fz343jMkztY
53,Compiler Design,Compiler Design,Parser - Part 9,Parser (Contd.),https://www.youtube.com/watch?v=1cS7MMI7AW0
54,Compiler Design,Compiler Design,Parser - Part 10,Parser (Contd.),https://www.youtube.com/watch?v=mXJ6Ega1olM
55,Compiler Design,Compiler Design,Parser - Part 11,Parser (Contd.),https://www.youtube.com/watch?v=G4LKvUireu4
56,Compiler Design,Compiler Design,Parser - Part 12,Parser (Contd.),https://www.youtube.com/watch?v=tvNy8-oqoq0
57,Compiler Design,Compiler Design,Parser - Part 13,Parser (Contd.),https://www.youtube.com/watch?v=W9ZYZpcB74c
58,Compiler Design,Compiler Design,Parser - Part 14,Parser (Contd.),https://www.youtube.com/watch?v=QFVorwdIZRg
59,Compiler Design,Compiler Design,Parser - Part 15,Parser (Contd.),https://www.youtube.com/watch?v=LRyPoWMHlm0
60,Compiler Design,Compiler Design,Parser - Part 16,Parser (Contd.),https://www.youtube.com/watch?v=TytQ3XsDGWk
61,Compiler Design,Compiler Design,Symbol Table (Contd.) And Runtime Environment - Part 1,Symbol Table (Contd.) and Runtime Environment,https://www.youtube.com/watch?v=uVaY1eKI2WY
62,Compiler Design,Compiler Design,Runtime Environment - Part 2,Runtime Environment,https://www.youtube.com/watch?v=RS822U7naxQ
63,Compiler Design,Compiler Design,Runtime Environment - Part 3,Runtime Environment (Contd.),https://www.youtube.com/watch?v=-G5aPgAgZxU
64,Compiler Design,Compiler Design,Runtime Environment - Part 4,Runtime Environment (Contd.),https://www.youtube.com/watch?v=3kKCeIwHUHY
65,Compiler Design,Compiler Design,Intermediate Code Generation - Part 1,Intermediate Code Generation,https://www.youtube.com/watch?v=Gc6PpW_SxKY
66,Compiler Design,Compiler Design,Intermediate Code Generation - Part 2,Intermediate Code Generation (Contd.),https://www.youtube.com/watch?v=QgqgAfSR-1g
67,Compiler Design,Compiler Design,Intermediate Code Generation - Part 3,Intermediate Code Generation (Contd.),https://www.youtube.com/watch?v=yVLRP_dBpHI
68,Compiler Design,Compiler Design,Intermediate Code Generation - Part 4,Intermediate Code Generation (Contd.),https://www.youtube.com/watch?v=1vgrUXhrlm0
69,Compiler Design,Compiler Design,Intermediate Code Generation - Part 5,Intermediate Code Generation (Contd.),https://www.youtube.com/watch?v=vWU2QQp0HBk
70,Compiler Design,Compiler Design,Intermediate Code Generation - Part 6,Intermediate Code Generation (Contd.),https://www.youtube.com/watch?v=brrgSY-hhZA
71,Compiler Design,Compiler Design,Intermediate Code Generation - Part 7,Intermediate Code Generation (Contd.),https://www.youtube.com/watch?v=iI83JmuR73o
72,Compiler Design,Compiler Design,Intermediate Code Generation - Part 8,Intermediate Code Generation (Contd.),https://www.youtube.com/watch?v=np4vX8ADNHI
73,Compiler Design,Compiler Design,Intermediate Code Generation - Part 9,Intermediate Code Generation (Contd.),https://www.youtube.com/watch?v=udKNLaK1dqM
74,Compiler Design,Compiler Design,Intermediate Code Generation - Part 10,Intermediate Code Generation (Contd.),https://www.youtube.com/watch?v=GOqV7x45eqs
75,Compiler Design,Compiler Design,Intermediate Code Generation - Part 11,Intermediate Code Generation (Contd.),https://www.youtube.com/watch?v=rRW0NkJgBbo
76,Compiler Design,Compiler Design,Intermediate Code Generation - Part 12,Intermediate Code Generation (Contd.),https://www.youtube.com/watch?v=GCE20jvFv5k
77,Compiler Design,Compiler Design,Local Optimisation,"Principles of Compiler Design 
Local Optimizations",https://www.youtube.com/watch?v=G1qRCb1RoVc
78,Compiler Design,Data flow analyses,Constant Propagation,"Principles of Compiler Design
Machine Independent Optimization Lecture 1",https://www.youtube.com/watch?v=0WIOEcjF_wE
79,Compiler Design,Data flow analyses,Common Subexpression Elimination,"Principles of Compiler Design
Machine Independent Optimization Lecture 1",https://www.youtube.com/watch?v=0WIOEcjF_wE
80,Computer Networks,Concept of layering,OSI And TCP/IP Protocol Stacks,Lecture 50 Introduction to Network Protocol Layers by NPTEL IIT MADRAS,https://www.youtube.com/watch?v=_9QayISruzo
81,Computer Networks,Concept of layering,Basics Of Packet Circuit And Virtual Circuit-switching,Lecture 19 Switching Techniques Packet Switching,https://www.youtube.com/watch?v=SaQ3RhRVT6c
82,Computer Networks,Data link layer,Framing,Lecture - 15 Data Link Protocols,https://www.youtube.com/watch?v=pVl1L1jrbFE
83,Computer Networks,Data link layer,Error Detection,Lecture 15: Error Detection and Correction,https://www.youtube.com/watch?v=aNqiTCZ-nko
84,Computer Networks,Data link layer,Medium Access Control,Lecture - 25 Medium Access Control - I,https://www.youtube.com/watch?v=sx0UPzztC5o
85,Computer Networks,Data link layer,Ethernet Bridging,Lecture - 28 IEEE 802 LANs,https://www.youtube.com/watch?v=QhKIaK4ReUA
86,Computer Networks,Routing protocols,Shortest Path,Lec-20 Shortest Path Problem,https://www.youtube.com/watch?v=wVu5qN0E4ww
87,Computer Networks,Routing protocols,Flooding,Lecture - 20 Routing - I,https://www.youtube.com/watch?v=u0BTdiqhVRI
88,Computer Networks,Routing protocols,Distance Vector,Lecture - 27 RIP - Distance Vector Routing,https://www.youtube.com/watch?v=_SxlpxqIs-s
89,Computer Networks,Routing protocols,Link State Routing,Lecture - 21 Routing - II,https://www.youtube.com/watch?v=C3trPo6qVv4
90,Computer Networks,Routing protocols,Fragmentation And IP Addressing,Lecture 28 - IP version 4,https://www.youtube.com/watch?v=wbp5DDSCrUw
91,Computer Networks,Routing protocols,IPv4,Lecture 28 - IP version 4,https://www.youtube.com/watch?v=wbp5DDSCrUw
92,Computer Networks,Routing protocols,CIDR Notation,Lecture - 6 IP Subnetting and Addressing,https://www.youtube.com/watch?v=nhGRUmtnGB4
93,Computer Networks,Routing protocols,"Basics Of IP Support Protocols (ARP,DHCP,ICMP)",Lecture - 33 DHCP and ICMP,https://www.youtube.com/watch?v=jbCET7fn9aI
94,Computer Networks,Routing protocols,Network Address Translation (NAT),Lecture 29: IP Addressing (IPv4) III - Network Address Translation (NAT),https://www.youtube.com/watch?v=_MZbwHyE0Ck
95,Computer Networks,Routing protocols,Transport Layer: Flow Control And Congestion Control,Lecture - 35 Congestion Control,https://www.youtube.com/watch?v=V4QYffX9v60
96,Computer Networks,Routing protocols,UDP,1. Lecture 23 User Datagram Protocol,https://www.youtube.com/watch?v=f1y25BfOH9I
97,Computer Networks,Routing protocols,TCP,Lecture - 31 TCP,https://www.youtube.com/watch?v=KCcdF4IVrQk
98,Computer Networks,Routing protocols,Sockets,Lecture 24 : Socket Programming - I,https://www.youtube.com/watch?v=x7obJLN7FcQ
99,Computer Networks,Application layer protocols,DNS,1. Lecture 5 Application Layer-I,https://www.youtube.com/watch?v=5AHp0f0489E
100,Computer Networks,Application layer protocols,SMTP,1. Lecture 5 Application Layer-I,https://www.youtube.com/watch?v=5AHp0f0489E
101,Computer Networks,Application layer protocols,HTTP,1. Lecture 5 Application Layer-I,https://www.youtube.com/watch?v=5AHp0f0489E
102,Computer Networks,Application layer protocols,FTP,1. Lecture 5 Application Layer-I,https://www.youtube.com/watch?v=5AHp0f0489E
103,Computer Networks,Application layer protocols,Email,1. Lecture 5 Application Layer-I,https://www.youtube.com/watch?v=5AHp0f0489E
104,Computer Organization and Architecture,Computer Organization and Architecture,Machine Instruction_1,COA [Module 02 - Lecture 03]: Instruction Execution,https://www.youtube.com/watch?v=HfPS8DCzxEE
105,Computer Organization and Architecture,Computer Organization and Architecture,Machine Instruction_2,COA [Module 02 - Lecture 04]: Instruction Format,https://www.youtube.com/watch?v=H7QrDhPFwIA
106,Computer Organization and Architecture,Computer Organization and Architecture,Machine Instruction_3,COA [Module 02 - Lecture 05]: Instruction Set,https://www.youtube.com/watch?v=BEvWyiDu4x4
107,Computer Organization and Architecture,Computer Organization and Architecture,Addressing Modes,COA [Module 02 - Lecture 06]: Addressing Modes,https://www.youtube.com/watch?v=k_QgyvsqtwA
108,Computer Organization and Architecture,Computer Organization and Architecture,ALU_1,"Lecture -11 Binary Arithmetic, ALU Design",https://www.youtube.com/watch?v=RkAE4zE4uSE
109,Computer Organization and Architecture,Computer Organization and Architecture,ALU_2,"Lecture -12 ALU Design, Overflow",https://www.youtube.com/watch?v=kpzx5U0CKqs
110,Computer Organization and Architecture,Computer Organization and Architecture,Data-path And Control Unit_1,Lecture 17 : DESIGN OF CONTROL UNIT (PART 1),https://www.youtube.com/watch?v=X9pcXcOUESk
111,Computer Organization and Architecture,Computer Organization and Architecture,Data-path And Control Unit_2,Lecture 18 :DESIGN OF CONTROL UNIT (PART 2),https://www.youtube.com/watch?v=yOiyz1heBfs
112,Computer Organization and Architecture,Computer Organization and Architecture,Data-path And Control Unit_3,Lecture 19 : DESIGN OF CONTROL UNIT (PART 3),https://www.youtube.com/watch?v=DKfxpWHrD30
113,Computer Organization and Architecture,Computer Organization and Architecture,Data-path And Control Unit_4,Lecture 20 : DESIGN OF CONTROL UNIT (PART 4),https://www.youtube.com/watch?v=cxXtbj3BvSg
114,Computer Organization and Architecture,Computer Organization and Architecture,Instruction Pipelining_1,Lecture 40 : BASIC PIPELINING CONCEPTS,https://www.youtube.com/watch?v=R41DfN3NpIM
115,Computer Organization and Architecture,Computer Organization and Architecture,Instruction Pipelining_2,Lecture 41 : PIPELINE SCHEDULING,https://www.youtube.com/watch?v=Z9gvdQU6IAE
116,Computer Organization and Architecture,Computer Organization and Architecture,Instruction Pipelining_3,mod11lec53,https://www.youtube.com/watch?v=Ov1RXbFXxp0
117,Computer Organization and Architecture,Computer Organization and Architecture,Instruction Pipelining_4,mod11lec54,https://www.youtube.com/watch?v=D1nOWxre0_4
118,Computer Organization and Architecture,Computer Organization and Architecture,Pipeline Hazards_1,mod11lec55,https://www.youtube.com/watch?v=ZvcKNrsxLiI
119,Computer Organization and Architecture,Computer Organization and Architecture,Pipeline Hazards_2,mod11lec56,https://www.youtube.com/watch?v=YMuV06frDTg
120,Computer Organization and Architecture,Computer Organization and Architecture,Pipeline Hazards_3,mod11lec57,https://www.youtube.com/watch?v=oZRaDi70Ta4
121,Computer Organization and Architecture,Computer Organization and Architecture,Pipeline Hazards_4,mod11lec58,https://www.youtube.com/watch?v=1C4q2Y4ERF4
122,Computer Organization and Architecture,Memory hierarchy,"Cache, Main Memory And Secondary Storage_1",Lecture 28 : MEMORY HIERARCHY DESIGN (PART 1),https://www.youtube.com/watch?v=X-XwOXdUPU4
123,Computer Organization and Architecture,Memory hierarchy,"Cache, Main Memory And Secondary Storage_2",Lecture 29 : MEMORY HIERARCHY DESIGN (PART 2),https://www.youtube.com/watch?v=mDdFd5Jmrqs
124,Computer Organization and Architecture,Memory hierarchy,"Cache, Main Memory And Secondary Storage_3",Lecture 30 : CACHE MEMORY (PART 1),https://www.youtube.com/watch?v=aeDyDIo-G44
125,Computer Organization and Architecture,Memory hierarchy,"Cache, Main Memory And Secondary Storage_4",Lecture 31 : CACHE MEMORY (PART 2),https://www.youtube.com/watch?v=Em2y6CTLU6o
126,Computer Organization and Architecture,Memory hierarchy,"Cache, Main Memory And Secondary Storage_5",Lecture 32 : IMPROVING CACHE PERFORMANCE,https://www.youtube.com/watch?v=uuYc1CdQg7M
127,Computer Organization and Architecture,I/O interface,Interrupt_1,Lecture 46 : INTERRUPT HANDLING (PART 1),https://www.youtube.com/watch?v=Wfau1WC5m4c
128,Computer Organization and Architecture,I/O interface,Interrupt_2,Lecture 47 : INTERRUPT HANDLING (PART 2),https://www.youtube.com/watch?v=Zw79moR2gFs
129,Computer Organization and Architecture,I/O interface,DMA Mode,mod10lec48,https://www.youtube.com/watch?v=Q7YdIhbRea0
130,Databases,"ER-model,",ER-model_1,Entity-Relationship Model/1,https://www.youtube.com/watch?v=cx7rBTS2dBM
131,Databases,"ER-model,",ER-model_2,Entity-Relationship Model/2,https://www.youtube.com/watch?v=pm_Tr3eZAac
132,Databases,"ER-model,",ER-model_3,Entity-Relationship Model/3,https://www.youtube.com/watch?v=LMAELfNAGF4
133,Databases,Relational model,Relational Algebra,Formal Relational Query Languages,https://www.youtube.com/watch?v=iHrvzgQxybY
134,Databases,Relational model,Tuple Calculus,Formal Relational Query Languages,https://www.youtube.com/watch?v=iHrvzgQxybY
135,Databases,Relational model,"SQL, Integrity Constraints_1",Introduction to SQL/1,https://www.youtube.com/watch?v=w1XdPholzWY
136,Databases,Relational model,"SQL, Integrity Constraints_2",Introduction to SQL/2,https://www.youtube.com/watch?v=ywUn5qNmxNo
137,Databases,Relational model,"SQL, Integrity Constraints_3",Introduction to SQL/3,https://www.youtube.com/watch?v=fsDBUDKC_iM
138,Databases,Relational model,"SQL, Integrity Constraints_4",Intermediate SQL/1,https://www.youtube.com/watch?v=A0h9DFU0xEc
139,Databases,Relational model,"SQL, Integrity Constraints_5",Intermediate SQL/2,https://www.youtube.com/watch?v=xACa5cEeUBg
140,Databases,Relational model,"Normal Forms, File Organization_1",Relational Database Design/1,https://www.youtube.com/watch?v=K5jqNjnE-pE
141,Databases,Relational model,"Normal Forms, File Organization_2",Relational Database Design (Contd.)-1,https://www.youtube.com/watch?v=9-uqoJK6KPc
142,Databases,Relational model,"Normal Forms, File Organization_3",Relational Database Design (Contd.) - 2,https://www.youtube.com/watch?v=vdd-fDCypTc
143,Databases,Relational model,"Normal Forms, File Organization_4",Relational Database Design (Contd.) - 3,https://www.youtube.com/watch?v=EnTIVJi4bW4
144,Databases,Relational model,"Normal Forms, File Organization_5",Relational Database Design (Contd)- 4,https://www.youtube.com/watch?v=qz0bimEpdQo
145,Databases,Relational model,"Normal Forms, File Organization_6",Storage and File Structure/1:Storage,https://www.youtube.com/watch?v=1IWtpmIniHQ
146,Databases,Relational model,"Normal Forms, File Organization_7",Storage and File Structure/2:File Structure,https://www.youtube.com/watch?v=QX2AfS5TDB4
147,Databases,Relational model,Indexing (eg: B And B+ Trees)_1,Indexing and Hashing/1 : Indexing/1,https://www.youtube.com/watch?v=PYsA4xTL3e4
148,Databases,Relational model,Indexing (eg: B And B+ Trees)_2,Indexing and Hashing/2 : Indexing/2,https://www.youtube.com/watch?v=vTjDOfKbCBY
149,Databases,Relational model,Indexing (eg: B And B+ Trees)_3,Indexing and Hashing/3 : Indexing/3,https://www.youtube.com/watch?v=xWXfAFr2k3U
150,Databases,Relational model,Indexing (eg: B And B+ Trees)_4,Indexing and Hashing/4 : Hashing,https://www.youtube.com/watch?v=Wo6_yxO9kPk
151,Databases,Relational model,Indexing (eg: B And B+ Trees)_5,Indexing and Hashing/5:Index Design,https://www.youtube.com/watch?v=9TCj_f0TVQM
152,Databases,Relational model,Transactions And Concurrency Control_1,Transactions/1,https://www.youtube.com/watch?v=TyT_MuPHG3g
153,Databases,Relational model,Transactions And Concurrency Control_2,Transactions/2 : Serializability,https://www.youtube.com/watch?v=h3LekjFg2uY
154,Databases,Relational model,Transactions And Concurrency Control_3,Transactions/3 : Recoverability,https://www.youtube.com/watch?v=1d4BFaIQDIA
155,Databases,Relational model,Transactions And Concurrency Control_4,Concurrency Control/1,https://www.youtube.com/watch?v=L0m4k1ApZtA
156,Databases,Relational model,Transactions And Concurrency Control_5,Concurrency Control/2,https://www.youtube.com/watch?v=TVPSuTgfaSk
157,Digital Logic,Digital Logic,Boolean Algebra - Part 1,Boolean algebra,https://www.youtube.com/watch?v=KergVtV3SxU
158,Digital Logic,Digital Logic,Boolean Algebra - Part 2,Boolean algebra (Contd.),https://www.youtube.com/watch?v=S5FUqMpVfPE
159,Digital Logic,Digital Logic,Boolean Algebra - Part 3,Boolean algebra (Contd.),https://www.youtube.com/watch?v=HIboT1k25TA
160,Digital Logic,Digital Logic,Boolean Algebra - Part 4,Boolean algebra (Contd.),https://www.youtube.com/watch?v=V9PTbe9cz7o
161,Digital Logic,Digital Logic,Boolean Algebra - Part 5,Boolean algebra (Contd.),https://www.youtube.com/watch?v=BzN3nFV-vTQ
162,Digital Logic,Digital Logic,Boolean Algebra - Part 6,Boolean algebra (Contd.),https://www.youtube.com/watch?v=5ZSFv0gNWgM
163,Digital Logic,Digital Logic,Combinational Logic Basics - Part 1,Combinational Logic Basics,https://www.youtube.com/watch?v=sUutDs7FFeA
164,Digital Logic,Digital Logic,Combinational Circuits - Part 2,Combinational Circuits,https://www.youtube.com/watch?v=XCiLHOZsQl8
165,Digital Logic,Digital Logic,Sequential Circuits - Part 1,Sequential circuits,https://www.youtube.com/watch?v=HZHag7I-hBg
166,Digital Logic,Digital Logic,Sequential Circuits - Part 2,Sequential circuits (Contd.),https://www.youtube.com/watch?v=La0iwV9YbQ0
167,Digital Logic,Digital Logic,Sequential Circuits - Part 3,Sequential circuits (Contd.),https://www.youtube.com/watch?v=fugoLFZ_6QU
168,Digital Logic,Digital Logic,Sequential Circuits - Part 4,Sequential circuits (Contd.),https://www.youtube.com/watch?v=j4UeDDp1geU
169,Digital Logic,Digital Logic,Sequential Circuits - Part 5,Sequential circuits (Contd.),https://www.youtube.com/watch?v=lHqpNDm9jWg
170,Digital Logic,Digital Logic,Sequential Circuits - Part 6,Sequential circuits (Contd.),https://www.youtube.com/watch?v=1lxNj4H9AYI
171,Digital Logic,Digital Logic,Sequential Circuits - Part 7,Sequential circuits (Contd.),https://www.youtube.com/watch?v=Q2LmtlyIoOg
172,Digital Logic,Digital Logic,Minimization Using Karnaugh Maps - Part 1,Minimization Using Karnaugh Maps (Part 1),https://www.youtube.com/watch?v=BPBiyzc0OBw
173,Digital Logic,Digital Logic,Minimization Using Karnaugh Maps - Part 2,Minimization Using Karnaugh Maps (Part 2),https://www.youtube.com/watch?v=KE73aJPLLNg
174,Digital Logic,Digital Logic,Number Representations And Computer Arithmetic (fixed And Floating Point) - Part 1,"NOC:Digital Circuits
Lectures 3",https://www.youtube.com/watch?v=pLTDDsvMnFQ
175,Digital Logic,Digital Logic,Number Representations And Computer Arithmetic (fixed And Floating Point) - Part 2,"NOC:Digital Circuits
Lectures 4",https://www.youtube.com/watch?v=eZhbUZ35aic
176,Digital Logic,Digital Logic,Number Representations And Computer Arithmetic (fixed And Floating Point) - Part 3,"NOC:Digital Circuits
Lectures 5",https://www.youtube.com/watch?v=yTyn_ECCRLw
177,Digital Logic,Digital Logic,Number Representations And Computer Arithmetic (fixed And Floating Point) - Part 4,"NOC:Digital Circuits
Lectures 6",https://www.youtube.com/watch?v=NO7g3C1Xq0U
178,Digital Logic,Digital Logic,Number Representations And Computer Arithmetic (fixed And Floating Point) - Part 5,"NOC:Digital Circuits
Lectures 7",https://www.youtube.com/watch?v=E9mB0wuSyb8
179,Digital Logic,Digital Logic,Number Systems - Part 1,Number Systems,https://www.youtube.com/watch?v=pLTDDsvMnFQ
180,Digital Logic,Digital Logic,Number Systems - Part 2,Number Systems (Contd.),https://www.youtube.com/watch?v=eZhbUZ35aic
181,Digital Logic,Digital Logic,Number Systems - Part 3,Number Systems (Contd.),https://www.youtube.com/watch?v=yTyn_ECCRLw
182,Digital Logic,Digital Logic,Number Systems - Part 4,Number Systems (Contd.),https://www.youtube.com/watch?v=NO7g3C1Xq0U
183,Digital Logic,Digital Logic,Number Systems - Part 5,Number Systems (Contd.),https://www.youtube.com/watch?v=E9mB0wuSyb8
184,Engineering-Mathematics,Discrete Mathematics,Propositional Logic_1,Propositional logic and Predicate logic,https://www.youtube.com/watch?v=-J2KeQaS2eY
185,Engineering-Mathematics,Discrete Mathematics,Propositional Logic_2,Propositional logic and Predicate logic (Part 2),https://www.youtube.com/watch?v=mLik-jg2p3Q
186,Engineering-Mathematics,Discrete Mathematics,First Order Logic_1,Lec 3: First Order Logic: Introduction,https://www.youtube.com/watch?v=ASDaXWCExzo
187,Engineering-Mathematics,Discrete Mathematics,First Order Logic_2,Lec 4: First Order Logic: Introduction (Contd.),https://www.youtube.com/watch?v=NyfjeO8e4Tc
188,Engineering-Mathematics,Discrete Mathematics,Sets,"Lec 8: Sets, Relations, Functions",https://www.youtube.com/watch?v=hGtOLG3SsjI
189,Engineering-Mathematics,Discrete Mathematics,Relations,"Lec 8: Sets, Relations, Functions",https://www.youtube.com/watch?v=hGtOLG3SsjI
190,Engineering-Mathematics,Discrete Mathematics,Functions,"Lec 8: Sets, Relations, Functions",https://www.youtube.com/watch?v=hGtOLG3SsjI
191,Engineering-Mathematics,Discrete Mathematics,Partial Orders_1,Partially ordered relation,https://www.youtube.com/watch?v=3u1AudDafXA
192,Engineering-Mathematics,Discrete Mathematics,Partial Orders_2,Partially ordered set,https://www.youtube.com/watch?v=3-U7Ec1Zt1s
193,Engineering-Mathematics,Discrete Mathematics,Lattices,Lattices,https://www.youtube.com/watch?v=y0HcmNI5K4E
194,Engineering-Mathematics,Discrete Mathematics,Monoids,Algebras,https://www.youtube.com/watch?v=dQ4wU0k7JKI
195,Engineering-Mathematics,Discrete Mathematics,Groups_1,Lec 37: Introduction to groups,https://www.youtube.com/watch?v=M8nh83bFJAA
196,Engineering-Mathematics,Discrete Mathematics,Groups_2,Lec 38: Modular arithmetic and groups,https://www.youtube.com/watch?v=fOyYdCskRPM
197,Engineering-Mathematics,Discrete Mathematics,"Graphs: Connectivity, Matching",Lec 11: Introduction to graph theory,https://www.youtube.com/watch?v=AtDgXyluW-Y
198,Engineering-Mathematics,Discrete Mathematics,Graphs: Coloring,"Lec 12: Trees, Cycles, Graph coloring",https://www.youtube.com/watch?v=cwbZUjfz_I0
199,Engineering-Mathematics,Discrete Mathematics,Combinatorics: Counting_1,Counting for selection,https://www.youtube.com/watch?v=h4qy6i8JKsw
200,Engineering-Mathematics,Discrete Mathematics,Combinatorics: Counting_2,Counting for distribution,https://www.youtube.com/watch?v=J3OSfiDjfi0
201,Engineering-Mathematics,Discrete Mathematics,Combinatorics: Counting_3,Counting for distribution (Part 2),https://www.youtube.com/watch?v=ntkBlUrC4s0
202,Engineering-Mathematics,Discrete Mathematics,Combinatorics: Counting_4,Some counting problems,https://www.youtube.com/watch?v=c787aMissfA
203,Engineering-Mathematics,Discrete Mathematics,Combinatronics: Recurrence Relations_1,Counting using recurrence relation,https://www.youtube.com/watch?v=SPgIkh-Jn1k
204,Engineering-Mathematics,Discrete Mathematics,Combinatronics: Recurrence Relations_2,Counting using recurrence relation (Part 2),https://www.youtube.com/watch?v=Xx3tSiC_T08
205,Engineering-Mathematics,Discrete Mathematics,Combinatronics: Recurrence Relations_3,Solving recurrence relations (Part 1),https://www.youtube.com/watch?v=SygOHW0oeB4
206,Engineering-Mathematics,Discrete Mathematics,Combinatronics: Recurrence Relations_4,Solving recurrence relations (Part 2),https://www.youtube.com/watch?v=_q4BdRssZFY
207,Engineering-Mathematics,Discrete Mathematics,Combinatronics: Generating Functions_1,Lec 29: Generating Functions,https://www.youtube.com/watch?v=4IsWS8xnLLw
208,Engineering-Mathematics,Discrete Mathematics,Combinatronics: Generating Functions_2,Lec 30: Product of generating functions,https://www.youtube.com/watch?v=03uB8X-tL60
209,Engineering-Mathematics,Discrete Mathematics,Combinatronics: Generating Functions_3,Lec 31: Composition of generating function,https://www.youtube.com/watch?v=n02JOtIE4WY
210,Engineering-Mathematics,Linear Algebra,Matrices,"Matrix: Examples, Transpose and Addition",https://www.youtube.com/watch?v=yo9_t-fPe5M
211,Engineering-Mathematics,Linear Algebra,Determinants,Determinant,https://www.youtube.com/watch?v=Roi8bDZlpvQ
212,Engineering-Mathematics,Linear Algebra,System Of Linear Equations,Introduction to system of linear equation,https://www.youtube.com/watch?v=-eFvwJWyTs4
213,Engineering-Mathematics,Linear Algebra,Eigenvalues,Introduction to eigenvalues and eigenvectors,https://www.youtube.com/watch?v=oCcLQMw4z8g
214,Engineering-Mathematics,Linear Algebra,Eigenvectors,Introduction to eigenvalues and eigenvectors,https://www.youtube.com/watch?v=oCcLQMw4z8g
215,Engineering-Mathematics,Linear Algebra,LU Decomposition,LU decomposition - Simplest form,https://www.youtube.com/watch?v=4B0MyJOIEH8
216,Engineering-Mathematics,Calculus,Limits_1,Limits of functions-Part 1,https://www.youtube.com/watch?v=EcoOBgGjXpw
217,Engineering-Mathematics,Calculus,Limits_2,Limits of functions-Part 2,https://www.youtube.com/watch?v=fa5nLu6NnxM
218,Engineering-Mathematics,Calculus,Continuity_1,Continuity-Part 1,https://www.youtube.com/watch?v=SiIyyWZFw9o
219,Engineering-Mathematics,Calculus,Continuity_2,Continuity-Part 2,https://www.youtube.com/watch?v=s6q7lyFlkNE
220,Engineering-Mathematics,Calculus,Differentiability_1,Differentiability-Part 1,https://www.youtube.com/watch?v=0loRcGXAux8
221,Engineering-Mathematics,Calculus,Differentiability_2,Differentiability-Part 2,https://www.youtube.com/watch?v=wYsWv8vEAY8
222,Engineering-Mathematics,Calculus,Maxima And Minima_1,Maxima and minima-Part 1,https://www.youtube.com/watch?v=VDTAL95Z4TE
223,Engineering-Mathematics,Calculus,Maxima And Minima_2,Maxima and minima-Part 2,https://www.youtube.com/watch?v=KMVbCOVdlSE
224,Engineering-Mathematics,Calculus,Mean Value Theorem_1,Rolle's theroem and mean value theorem-Part 1,https://www.youtube.com/watch?v=Bnzzcs9LGWU
225,Engineering-Mathematics,Calculus,Mean Value Theorem_2,Rolle's theroem and mean value theorem-Part 2,https://www.youtube.com/watch?v=IGWnXFY72XA
226,Engineering-Mathematics,Calculus,Integration,Lecture 21: Integration and its properties,https://www.youtube.com/watch?v=hjWe1Qp12Pg
227,Engineering-Mathematics,Probability and Statistics,Random Variables,Lecture-13 : Random variables,https://www.youtube.com/watch?v=VGGNZtXZ_YI
228,Engineering-Mathematics,Probability and Statistics,Uniform Distribution,Probability Distribution,https://www.youtube.com/watch?v=Hw8KHNgRaOE
229,Engineering-Mathematics,Probability and Statistics,Normal Distribution,Normal distribution,https://www.youtube.com/watch?v=XjVHCo48OUU
230,Engineering-Mathematics,Probability and Statistics,Exponential Distribution,Lecture 24: Special continuous distributions - I,https://www.youtube.com/watch?v=kcE96UWkDOc
231,Engineering-Mathematics,Probability and Statistics,Poisson Distribution,Poisson process - I,https://www.youtube.com/watch?v=ykKYgAdeEMM
232,Engineering-Mathematics,Probability and Statistics,Binomial Distribution,Binomial distribution,https://www.youtube.com/watch?v=JyVWQZNfE1I
233,Engineering-Mathematics,Probability and Statistics,Mean,Lecture 3: Arithmetic mean,https://www.youtube.com/watch?v=cKQaKy6fjAQ
234,Engineering-Mathematics,Probability and Statistics,Median,Lecture 4: Geometric mean,https://www.youtube.com/watch?v=p7EN4NcTjnM
235,Engineering-Mathematics,Probability and Statistics,Mode,Lecture 4: Geometric mean,https://www.youtube.com/watch?v=p7EN4NcTjnM
236,Engineering-Mathematics,Probability and Statistics,Standard Deviation,"Lecture 5: Measure of variability, Standard deviation",https://www.youtube.com/watch?v=GqPCE6hKbUw
237,Engineering-Mathematics,Probability and Statistics,Conditional Probability,Lecture 9: Conditional probability,https://www.youtube.com/watch?v=kBNjUf7kPTA
238,Engineering-Mathematics,Probability and Statistics,Bayes Theorem,"Multiplication Rule, Total Probability Rule, Bayes Theorem",https://www.youtube.com/watch?v=YdOwNlnfilU
239,Operating System,Operating System,System Calls,W3 L3 system Calls for Process Management,https://www.youtube.com/watch?v=JOaBNuXgqqw
240,Operating System,Operating System,Processes_1,W3 L1 Introduction to Processes,https://www.youtube.com/watch?v=g_kLI2pkNC4
241,Operating System,Operating System,Processes_2,W3 L2 Create Execute and Exit from a Process,https://www.youtube.com/watch?v=a2LQbb82EZM
242,Operating System,Operating System,Threads_1,W7 L4 Threads (Light Weight Processes) Part 1,https://www.youtube.com/watch?v=qkMk3k15PPA
243,Operating System,Operating System,Threads_2,W7 L5 Threads (Light Weight Processes) Part 2,https://www.youtube.com/watch?v=UKD0QC_nTkY
244,Operating System,Operating System,Inter-process Communication,W6 L1 Inter Process Communication,https://www.youtube.com/watch?v=fYv_sLu-1uE
245,Operating System,Operating System,Concurrency And Synchronization_1,W6 L2 Synchronization,https://www.youtube.com/watch?v=qKPCfuZAAEc
246,Operating System,Operating System,Concurrency And Synchronization_2,W6 L3 Software solutions for critical sections,https://www.youtube.com/watch?v=UuSswiH7jpE
247,Operating System,Operating System,Concurrency And Synchronization_3,W6 L7 Semaphores,https://www.youtube.com/watch?v=I-xQpuZ_UFM
248,Operating System,Operating System,Deadlock_1,W7 L1 Dining Philosophers Problem,https://www.youtube.com/watch?v=dOVdsd31WNg
249,Operating System,Operating System,Deadlock_2,W7 L2 Deadlocks,https://www.youtube.com/watch?v=UczJ7misUEk
250,Operating System,Operating System,Deadlock_3,W7 L3 Dealing with Deadlocks,https://www.youtube.com/watch?v=8ZS7xzWPo5A
251,Operating System,Operating System,CPU And I/O Scheduling_1,W5 L1 CPU Scheduling,https://www.youtube.com/watch?v=4hCih9eLc7M
252,Operating System,Operating System,CPU And I/O Scheduling_2,W5 L2 Priority based scheduling algorithms,https://www.youtube.com/watch?v=fJEVP91dXaE
253,Operating System,Operating System,CPU And I/O Scheduling_3,W5 L3 Multi-Processor Scheduling,https://www.youtube.com/watch?v=4FO7WlYOBP4
254,Operating System,Operating System,Memory Management And Virtual Memory_1,W2 L1 Memory Management Introduction,https://www.youtube.com/watch?v=_pKbqFyG03s
255,Operating System,Operating System,Memory Management And Virtual Memory_2,W2 L2 Virtual Memory,https://www.youtube.com/watch?v=kQKpJ4bD8TA
256,Operating System,Operating System,Memory Management And Virtual Memory_3,W2 L3 More on Virtual Memory,https://www.youtube.com/watch?v=hhKRbc1QAjs
257,Operating System,Operating System,Memory Management And Virtual Memory_4,W2 L4 Segmentation,https://www.youtube.com/watch?v=GoI8xYCESiw
258,Operating System,Operating System,File Systems_1,Lecture 57 : File System and Secondary Storage,https://www.youtube.com/watch?v=Fjz3PKJGe5s
259,Operating System,Operating System,File Systems_2,Lecture 58: File System and Secondary Storage (Contd.),https://www.youtube.com/watch?v=E3PshX16WEY
260,Operating System,Operating System,File Systems_3,Lecture 59: File System and Secondary Storage (Contd.),https://www.youtube.com/watch?v=bYyxlFQLYNE
261,Operating System,Operating System,File Systems_4,Lecture 60: File System and Secondary Storage (Contd.),https://www.youtube.com/watch?v=oFV9i0ab9Jc
262,Programming and Data Structures,Programming and Data Structures,Programming In C,Lec 1 Introduction The Process of Programming,https://www.youtube.com/watch?v=XTiIiI-LOY8
263,Programming and Data Structures,Programming and Data Structures,Recursion,Recursion,https://www.youtube.com/watch?v=LoIe_9cTtPE
264,Programming and Data Structures,Programming and Data Structures,Arrays,Introduction to Arrays,https://www.youtube.com/watch?v=I9828WOCEMg
265,Programming and Data Structures,Programming and Data Structures,Stacks,Lecture 21 : Stack Data Structures,https://www.youtube.com/watch?v=b-VtaUa4aNA
266,Programming and Data Structures,Programming and Data Structures,Queues,Lecture 24 : Queue Data Structure,https://www.youtube.com/watch?v=kvmp6J35kp8
267,Programming and Data Structures,Programming and Data Structures,Linked Lists,Lecture 16 : Linked List Data Structure (Part-I),https://www.youtube.com/watch?v=lDG4CbHTTm0
268,Programming and Data Structures,Programming and Data Structures,Trees,Lecture 27 : Understanding Tree Data Structures,https://www.youtube.com/watch?v=YpT8bvpFz-Q
269,Programming and Data Structures,Programming and Data Structures,Binary Search Trees,Lecture 29 : Binary Search Tree,https://www.youtube.com/watch?v=Ky2HVQpd6NA
270,Programming and Data Structures,Programming and Data Structures,Binary Heaps,Lecture 32 : Heap Tree,https://www.youtube.com/watch?v=rsptIyMx1Xg
271,Programming and Data Structures,Programming and Data Structures,"Graphs: Connectivity, Matching, Coloring_1",Lecture 7: Matchings and Covers,https://www.youtube.com/watch?v=IdAIdCh8QAo
272,Programming and Data Structures,Programming and Data Structures,"Graphs: Connectivity, Matching, Coloring_2",Lecture 13: Connectivity and Paths: Cuts and Connectivity,https://www.youtube.com/watch?v=pRd96941zwE
273,Programming and Data Structures,Programming and Data Structures,"Graphs: Connectivity, Matching, Coloring_3",Lecture 16: Vertex Coloring and Upper Bounds,https://www.youtube.com/watch?v=SlrOM3-02d4
274,Programming and Data Structures,Programming and Data Structures,"Graphs: Connectivity, Matching, Coloring_4",Lecture 21: Line Graphs and Edge-coloring,https://www.youtube.com/watch?v=v1UZwjonbzE
275,Theory of Computation,Theory of Computation,Deterministic Finite Automata - Part 1,Deterministic Finite Automata,https://www.youtube.com/watch?v=CwihAY_fgRE
276,Theory of Computation,Theory of Computation,Input Alphabet - Part 2,Input Alphabet,https://www.youtube.com/watch?v=cn2aw9QDw-4
277,Theory of Computation,Theory of Computation,Extended Transition Function - Part 3,Extended Transition function,https://www.youtube.com/watch?v=XsLjkh4EFqo
278,Theory of Computation,Theory of Computation,Language Of DFA - Part 4,Language of DFA,https://www.youtube.com/watch?v=tDFTOivwTzk
279,Theory of Computation,Theory of Computation,Building DFA - Part 5,Building DFA,https://www.youtube.com/watch?v=SgZB3Bk-G10
280,Theory of Computation,Theory of Computation,Building DFA (Contd.) -part 6,Building DFA (Contd.),https://www.youtube.com/watch?v=JU_vXP_S9jk
281,Theory of Computation,Theory of Computation,NFA (Nondeterministic Finite Automata) - Part 7,NFA (Nondeterministic Finite Automata),https://www.youtube.com/watch?v=AFpIZlHcgbQ
282,Theory of Computation,Theory of Computation,Language Of A NFA - Part 8,Language of a NFA,https://www.youtube.com/watch?v=zIGRRoWcF34
283,Theory of Computation,Theory of Computation,Equivalence Of DFA And NFA - Part 9,Equivalence of DFA and NFA,https://www.youtube.com/watch?v=gtY3EUjcut4
284,Theory of Computation,Theory of Computation,Subset Construction - Part 10,Subset Construction,https://www.youtube.com/watch?v=aW6S-s8XAUc
285,Theory of Computation,Theory of Computation,ε-NFA - Part 11,ε- NFA,https://www.youtube.com/watch?v=ixhRLla3FiA
286,Theory of Computation,Theory of Computation,Extended Transition Function Of ε-NFA,Extended transition function of ε-NFA - part 12,https://www.youtube.com/watch?v=Oerh4PT_LTA
287,Theory of Computation,Theory of Computation,Language Of ε-NFA - Part 13,Language of ε-NFA,https://www.youtube.com/watch?v=OuiPbBX5SNs
288,Theory of Computation,Theory of Computation,ε-NFA To NFA - Part 14,ε-NFA to NFA,https://www.youtube.com/watch?v=JBm_P5em8oc
289,Theory of Computation,Theory of Computation,ε-NFA To NFA - Part 15,ε-NFA to NFA,https://www.youtube.com/watch?v=7fGUKDBQ5e8
290,Theory of Computation,Theory of Computation,Regular Expression - Part 16,Regular Expression,https://www.youtube.com/watch?v=OA8EY3HKZoc
291,Theory of Computation,Theory of Computation,Regular Expression (Contd.) - Part 17,Regular expression (Contd.) part 1,https://www.youtube.com/watch?v=iMsevCuE-X0
292,Theory of Computation,Theory of Computation,More On Regular Expression - Part 18,More on Regular Expression,https://www.youtube.com/watch?v=K8tc7GFow5o
293,Theory of Computation,Theory of Computation,Equivalence Of ε-NFA And Regular Expression - Part 19,Equivalence of ε-NFA and regular expression,https://www.youtube.com/watch?v=lJ0SCG6HV88
294,Theory of Computation,Theory of Computation,Equivalence Of ε-NFA And Regular Expression (Contd.) - Part 20,Equivalence of ε-NFA and regular expression (Contd.) part 1,https://www.youtube.com/watch?v=iSd-5YaT_tY
295,Theory of Computation,Theory of Computation,DFA To Regular Expression - Part 21,DFA to Regular expression,https://www.youtube.com/watch?v=bl4YcW04YGg
296,Theory of Computation,Theory of Computation,DFA To Regular Expression (Contd.) - Part 22,DFA to Regular expression (Contd.) part 1,https://www.youtube.com/watch?v=qyMDGSTz0G8
297,Theory of Computation,Theory of Computation,Construction Of Regular Expression From A DFA (Example) - Part 23,Construction of regular expression from a DFA (Example),https://www.youtube.com/watch?v=cSrUUYaGdt4
298,Theory of Computation,Theory of Computation,Grammars And Languages Generated - Part 1,Grammars and Languages Generated,https://www.youtube.com/watch?v=rnGpW6RRAcw
299,Theory of Computation,Theory of Computation,Grammars And Languages Generated (Contd.) - Part 2,Grammars and Languages Generated (Contd.),https://www.youtube.com/watch?v=A-cJBuwLUx8
300,Theory of Computation,Theory of Computation,Ambiguity In CFG - Part 3,Ambiguity in CFG,https://www.youtube.com/watch?v=rjWqEI3HOD4
301,Theory of Computation,Theory of Computation,Simplification Of CFG - Part 4,Simplification of CFG,https://www.youtube.com/watch?v=Xk-MTgB68rQ
302,Theory of Computation,Theory of Computation,Pushdown Automata (PDA) - Part 1,Pushdown Automata (PDA),https://www.youtube.com/watch?v=-WKPbLV7JPI
303,Theory of Computation,Theory of Computation,Language Accepted By PDA - Part 2,Language Accepted by PDA,https://www.youtube.com/watch?v=9YS_NqR3Jv4
304,Theory of Computation,Theory of Computation,Example Of Language Accepted By PDA - Part 3,Example of language accepted by PDA,https://www.youtube.com/watch?v=H-oIxWBSJ-o
305,Theory of Computation,Theory of Computation,Context Free Grammars (CFG) - Part 1,Context free grammars (CFG),https://www.youtube.com/watch?v=yS52K_CrFCc
306,Theory of Computation,Theory of Computation,Context Free Language (CFL) - Part 2,Context free language (CFL),https://www.youtube.com/watch?v=vbWKCHtppM8
307,Theory of Computation,Theory of Computation,More Example On CFL - Part 3,More example on CFL,https://www.youtube.com/watch?v=yVcPBEf350A
308,Theory of Computation,Theory of Computation,More Of CFG - Part 4,More of CFG,https://www.youtube.com/watch?v=-RmMFO1FnEs
309,Theory of Computation,Theory of Computation,Derivation Tree/Parse Tree - Part 5,Derivation Tree/Parse Tree,https://www.youtube.com/watch?v=afFSUvkzWGk
310,Theory of Computation,Theory of Computation,Leftmost And Rightmost Derivations - Part 6,Leftmost and Rightmost derivations,https://www.youtube.com/watch?v=IpnZ5bPqxM4
311,Theory of Computation,Theory of Computation,Ambiguity In CFG - Part 7,Ambiguity in CFG,https://www.youtube.com/watch?v=qfjxUiY2iy0
312,Theory of Computation,Theory of Computation,Simplification Of CFG - Part 8,Simplification of CFG,https://www.youtube.com/watch?v=j2mq9KdHEQU
313,Theory of Computation,Theory of Computation,Closure Properties Of RL - Part 9,Closure Properties of RL,https://www.youtube.com/watch?v=X4Y1ayJVxoQ
314,Theory of Computation,Theory of Computation,Homomorphism - Part 10,Homomorphism,https://www.youtube.com/watch?v=grrbiNKg9GE
315,Theory of Computation,Theory of Computation,Properties Of CFLs - Part 11,Properties of CFLs,https://www.youtube.com/watch?v=zPe092IrkhI
316,Theory of Computation,Theory of Computation,Pumping Lemma - Part 1,Pumping Lemma,https://www.youtube.com/watch?v=wQbdjmINxNU
317,Theory of Computation,Theory of Computation,Applications Of The Pumping Lemma - Part 2,Applications of the pumping lemma,https://www.youtube.com/watch?v=x89bvL4R_i8
318,Theory of Computation,Theory of Computation,More On Pumping Lemma - Part 3,More on pumping lemma,https://www.youtube.com/watch?v=assPkzDGnoQ
319,Theory of Computation,Theory of Computation,Pumping Lemma For CFLs - Part 4,Pumping lemma for CFLs,https://www.youtube.com/watch?v=KnJnM4bL2ok
320,Theory of Computation,Theory of Computation,Turing Machines - Part 1,Turing Machines,https://www.youtube.com/watch?v=WYncdAzKMHU
321,Theory of Computation,Theory of Computation,Language Accepted By A Turing Machine - Part 2,Language Accepted by a Turing Machine,https://www.youtube.com/watch?v=i3j7dJJNIGA
322,Theory of Computation,Theory of Computation,Undecidability - Part 1,Undecidability 1,https://www.youtube.com/watch?v=ttzj5wq_pEw
323,Theory of Computation,Theory of Computation,Undecidability - Part 2,Undecidability 2,https://www.youtube.com/watch?v=45itKYT82H4
324,Theory of Computation,Theory of Computation,Undecidability - Part 3,Undecidability 3,https://www.youtube.com/watch?v=ujCP4TAtFKo
